{
  "source": "scared",
  "image_size": [
    640,
    512
  ],
  "unit": "mm",
  "left": {
    "K": [
      [
        511.71155,
        0.0,
        297.963867
      ],
      [
        0.0,
        511.613465,
        255.3235475
      ],
      [
        0.0,
        0.0,
        1.0
      ]
    ],
    "distortion": [
      0.000198164504,
      -0.00201636995,
      0.0,
      0.0,
      0.00262780651
    ]
  },
  "right": {
    "K": [
      [
        511.653135,
        0.0,
        342.927643
      ],
      [
        0.0,
        511.57193,
        255.763687
      ],
      [
        0.0,
        0.0,
        1.0
      ]
    ],
    "distortion": [
      0.000421567587,
      -0.00237609493,
      0.0,
      0.0,
      0.00229821727
    ]
  },
  "stereo": {
    "R": [
      [
        1.0,
        1.89964849e-05,
        -0.00017312367
      ],
      [
        -1.89916173e-05,
        1.0,
        2.8112534e-05
      ],
      [
        0.000173124194,
        -2.81092452e-05,
        1.0
      ]
    ],
    "T": [
      -4.13235331,
      -0.0420858636,
      -0.00261657196
    ]
  }
}
